INSERT
    INTO hebergement(heb_pk,
    heb_code_gdw,
    heb_nom,
    heb_adresse,
    heb_localite,
    heb_code_cgt,
    heb_cgt_cap_min,
    heb_cgt_cap_max,
    heb_cgt_nbre_chmbre,
    heb_etat,
    heb_site_public,
    heb_groupe,
    heb_gdw,
    heb_nbre_epis,
    heb_tarif_we_bs,
    heb_tarif_we_ms,
    heb_tarif_we_hs,
    heb_tarif_sem_bs,
    heb_tarif_sem_ms,
    heb_tarif_sem_hs,
    heb_tarif_garantie,
    heb_tarif_divers,
    heb_descriptif_fr,
    heb_descriptif_uk,
    heb_descriptif_nl,
    heb_descriptif_de,
    heb_descriptif_it,
    heb_pointfort_fr,
    heb_pointfort_uk,
    heb_pointfort_nl,
    heb_pointfort_de,
    heb_pointfort_it,
    heb_equipement_fr,
    heb_equipement_uk,
    heb_equipement_nl,
    heb_equipement_de,
    heb_equipement_it,
    heb_photo,
    heb_com_fk,
    heb_cgt_fk,
    heb_typeheb_fk,
    heb_pro_fk,
    heb_theme_fk,
    heb_label_fk,
    heb_tenis_distance,
    heb_nautisme_distance,
    heb_sky_distance,
    heb_rando_distance,
    heb_piscine_distance,
    heb_peche_distance,
    heb_equitation_distance,
    heb_velo_distance,
    heb_vtt_distance,
    heb_ravel_distance,
    heb_taxe_montant,
    heb_forfait_montant,
    heb_tarif_we_3n,
    heb_tarif_we_4n,
    heb_tarif_semaine_fin_annee,
    heb_lit_1p,
    heb_lit_2p,
    heb_lit_sup,
    heb_lit_enf,
    heb_distribution_fr,
    heb_distribution_nl,
    heb_distribution_it,
    heb_distribution_uk,
    heb_distribution_de,
    heb_gare_distance,
    heb_restaurant_distance,
    heb_commerce_distance,
    heb_tarif_chmbr_avec_dej_1p,
    heb_tarif_chmbr_avec_dej_2p,
    heb_tarif_chmbr_avec_dej_3p,
    heb_tarif_chmbr_sans_dej_1p,
    heb_tarif_chmbr_sans_dej_2p,
    heb_tarif_chmbr_sans_dej_3p,
    heb_tarif_chmbr_dej_1p,
    heb_tarif_chmbr_dej_2p,
    heb_tarif_chmbr_dej_3p,
    heb_tarif_chmbr_table_hote_1p,
    heb_tarif_chmbr_table_hote_2p,
    heb_tarif_chmbr_table_hote_3p,
    heb_tarif_chmbr_autre_1p,
    heb_tarif_chmbr_autre_2p,
    heb_tarif_chmbr_autre_3p,
    heb_coordonnee,
    heb_charge_fk,
    heb_gps_long,
    heb_gps_lat,
    heb_maison_tourisme_fk,
    heb_id,
    heb_ecr_date_ouverture,
    heb_ecr_remarque,
    heb_seminaire_vert_fr,
    heb_seminaire_vert_nl,
    heb_seminaire_vert_uk,
    heb_seminaire_vert_de,
    heb_seminaire_vert_it,
    heb_calendrier_proprio,
    heb_maj_info_etat,
    heb_calendrier_proprio_date_maj,
    heb_date_creation,
    heb_date_modification,
    heb_employe_modification,
    heb_employe_creation,
    heb_location,
    heb_groupement_pk,
    heb_tarif_charge,
    heb_desactivation_alloch,
    heb_url)
VALUES
    (81,
    'GR9114102',
    'La Turbine',
    'Chansin, 10',
    'Durnal',
    'GRNA1153',
    7,
    8,
    3,
    null,
    '1',
    '',
    '3RW',
    '3',
    '190.00',
    '205.00',
    '220.00',
    '250.00',
    '300.00',
    '450.00',
    '125.00',
    'Nettoyage par le locataire ou 40.00',
    'Maison de caractere situee dans un site tres calme de 9 ha pres d''une 
    riviere. Nombreuses promenades a faire (a pied et en Vtt)',
    'House full of character situated on a very peaceful site of 9ha close to a 
    river. Numerous different walks to go on (by foot or mountain bike)',
    'Karaktervol huis op een zeer rustig domein van 9 ha, dichtbij een rivier. 
    Vele mogelijkheden voor wandelingen (te voet en met mountain bike)',
    'Stilvolles Haus in sehr ruhigem Anwesen von 9 ha bei einem FluB. 
    Zahlreiche Moglichkeiten fur Wanderungen (zu FuB oder mit MT)',
    'Casa ricca di personalita situata in un luogo molto calmo, su un terreno 
    di 9 ettari vicino al fiume. Numerosi percorsi (a piedi e in mountain bike)',
    'a l''oree des bois, isole, sur 2 niveaux',
    'on the edge of a wood, isolated, on 2 floors',
    'aan de rand van het bos, geisoleerd, op 2 niveaus',
    'a l''oree des bois, isole, sur 2 niveaux',
    'a l''oree des bois, isole, sur 2 niveaux',
    null,
    null,
    null,
    null,
    null,
    '707',
    null,
    6,
    1,
    60,
    null,
    null,
    '',
    '20.0',
    '',
    '0.0',
    '15.0',
    '0.0',
    '7.0',
    '0.0',
    '0.0',
    '15.0',
    '0.80/n./p.',
    '',
    '',
    '',
    '450.00',
    '1',
    '2',
    '1',
    '1',
    'salon, coin cuisine, 2 wc, sdb, buanderie, chauffage central. jardin : 
    pelouse, jeux, bbq.',
    'woonk., kookhoek, 2 wc, badk., washok, centr. verwarm. tuin : gazon, 
    spelen, bbq.',
    'salon, coin cuisine, 2 wc, sdb, buanderie, chauffage central. jardin : 
    pelouse, jeux, bbq.',
    'living, kitchenette, 2 toilets, bath room, laundry room, central heating. 
    garden : lawn, games, bbq.',
    'salon, coin cuisine, 2 wc, sdb, buanderie, chauffage central. jardin : 
    pelouse, jeux, bbq.',
    '15.0',
    '5.0',
    '3.0',
    'None',
    'None',
    'None',
    'None',
    'None',
    'None',
    '',
    '',
    '',
    'None',
    'None',
    'None',
    'None',
    'None',
    'None',
    'G3',
    1,
    4.966539,
    50.320956000000002,
    null,
    'la-turbine',
    'None',
    '',
    '',
    '',
    '',
    '',
    '',
    'actif',
    'En attente confirmation',
    '2014-03-21',
    null,
    '2014-06-02 14:47:02.118358',
    'mick',
    null,
    '0101000020770D0000F33B4D66BCDD13403DBA111615294940',
    null,
    null,
    'f',
    'www.gitelaturbine.be');
INSERT
    INTO hebergement(heb_pk,
    heb_code_gdw,
    heb_nom,
    heb_adresse,
    heb_localite,
    heb_code_cgt,
    heb_cgt_cap_min,
    heb_cgt_cap_max,
    heb_cgt_nbre_chmbre,
    heb_etat,
    heb_site_public,
    heb_groupe,
    heb_gdw,
    heb_nbre_epis,
    heb_tarif_we_bs,
    heb_tarif_we_ms,
    heb_tarif_we_hs,
    heb_tarif_sem_bs,
    heb_tarif_sem_ms,
    heb_tarif_sem_hs,
    heb_tarif_garantie,
    heb_tarif_divers,
    heb_descriptif_fr,
    heb_descriptif_uk,
    heb_descriptif_nl,
    heb_descriptif_de,
    heb_descriptif_it,
    heb_pointfort_fr,
    heb_pointfort_uk,
    heb_pointfort_nl,
    heb_pointfort_de,
    heb_pointfort_it,
    heb_equipement_fr,
    heb_equipement_uk,
    heb_equipement_nl,
    heb_equipement_de,
    heb_equipement_it,
    heb_photo,
    heb_com_fk,
    heb_cgt_fk,
    heb_typeheb_fk,
    heb_pro_fk,
    heb_theme_fk,
    heb_label_fk,
    heb_tenis_distance,
    heb_nautisme_distance,
    heb_sky_distance,
    heb_rando_distance,
    heb_piscine_distance,
    heb_peche_distance,
    heb_equitation_distance,
    heb_velo_distance,
    heb_vtt_distance,
    heb_ravel_distance,
    heb_taxe_montant,
    heb_forfait_montant,
    heb_tarif_we_3n,
    heb_tarif_we_4n,
    heb_tarif_semaine_fin_annee,
    heb_lit_1p,
    heb_lit_2p,
    heb_lit_sup,
    heb_lit_enf,
    heb_distribution_fr,
    heb_distribution_nl,
    heb_distribution_it,
    heb_distribution_uk,
    heb_distribution_de,
    heb_gare_distance,
    heb_restaurant_distance,
    heb_commerce_distance,
    heb_tarif_chmbr_avec_dej_1p,
    heb_tarif_chmbr_avec_dej_2p,
    heb_tarif_chmbr_avec_dej_3p,
    heb_tarif_chmbr_sans_dej_1p,
    heb_tarif_chmbr_sans_dej_2p,
    heb_tarif_chmbr_sans_dej_3p,
    heb_tarif_chmbr_dej_1p,
    heb_tarif_chmbr_dej_2p,
    heb_tarif_chmbr_dej_3p,
    heb_tarif_chmbr_table_hote_1p,
    heb_tarif_chmbr_table_hote_2p,
    heb_tarif_chmbr_table_hote_3p,
    heb_tarif_chmbr_autre_1p,
    heb_tarif_chmbr_autre_2p,
    heb_tarif_chmbr_autre_3p,
    heb_coordonnee,
    heb_charge_fk,
    heb_gps_long,
    heb_gps_lat,
    heb_maison_tourisme_fk,
    heb_id,
    heb_ecr_date_ouverture,
    heb_ecr_remarque,
    heb_seminaire_vert_fr,
    heb_seminaire_vert_nl,
    heb_seminaire_vert_uk,
    heb_seminaire_vert_de,
    heb_seminaire_vert_it,
    heb_calendrier_proprio,
    heb_maj_info_etat,
    heb_calendrier_proprio_date_maj,
    heb_date_creation,
    heb_date_modification,
    heb_employe_modification,
    heb_employe_creation,
    heb_location,
    heb_groupement_pk,
    heb_tarif_charge,
    heb_desactivation_alloch,
    heb_url)
VALUES
    (1168,
    'GRECR92094961',
    'Les Cardamines',
    'Comognes de Temploux, 16',
    'Temploux',
    'GRNA5403',
    2,
    4,
    1,
    null,
    '1',
    '',
    null,
    null,
    '140.00',
    '140.00',
    '190.00',
    '240.00',
    '240.00',
    '270.00',
    '150.00',
    'Nettoyage par le locataire ou 25.00',
    'Gîte rural au prem',
    'Rural gite on the ',
    'Landelijke gîte op',
    'Ferienhaus auf der',
    'Alloggio rurale si',
    'à l''orée des bois, mitoyen au propriétaire, sur 2 niveaux',
    'on the edge of a wood, adjoining the owner''s residence, on 2 floors',
    'aan de rand van het bos, palend aan de woning van de eigenaar, op 2 niveaus',
    'am Waldsaum, am Eigentümer angrenzend, auf 2 Ebenen',
    'sul limitare di un',
    null,
    null,
    null,
    null,
    null,
    null,
    null,
    1,
    1,
    416,
    null,
    null,
    null,
    null,
    null,
    null,
    null,
    null,
    null,
    null,
    null,
    null,
    '',
    '6.00/10.00',
    '',
    '',
    '',
    '0',
    '1',
    '0',
    '0',
    'salon/sam, coin cuisine, sdb, wc. jardin : pelouse, bbq.',
    'woonk./eetk., kookhoek, badk., wc. tuin : gazon, bbq.',
    'salotto/sala da pr',
    'living room/dining',
    'Wohnzimmer/Esszimm',
    null,
    null,
    null,
    '',
    '',
    '',
    '',
    '',
    '',
    '',
    '',
    '',
    '',
    '',
    '',
    '',
    '',
    '',
    'G2',
    3,
    4.7582709999999997,
    50.472681999999999,
    null,
    'les-cardamines',
    'None',
    '',
    'None',
    'None',
    'None',
    'None',
    'None',
    'non actif',
    'confirmé',
    '2011-02-11',
    null,
    '2014-01-06 15:33:57.978199',
    'sylvie',
    null,
    '0101000020770D000057056A317808134035B401D8803C4940',
    null,
    null,
    'f',
    '');


INSERT
    INTO notification(pk,
    origin,
    "table",
    "column",
    table_pk,
    old_value,
    new_value,
    "date",
    treated,
    cmt,
    "user")
VALUES
    (1,
    'PIVOT',
    'hebergement',
    'heb_localite',
    '81',
    'Durnal',
    'Namur',
    '2014-05-30 17:14:16.174077',
    false,
    null,
    null);

INSERT
	INTO tarifs(pk,
	heb_pk,
	"type",
	subtype,
	"date",
	"user",
	min,
	max,
	cmt,
	valid)
VALUES
	(260,
	81,
	'HIGH_SEASON',
	'WEEK',
	'2014-03-02 13:42:44.226784',
	'alain',
	110,
	210,
	null,
	't');

INSERT
	INTO tarifs(pk,
	heb_pk,
	"type",
	subtype,
	"date",
	"user",
	min,
	max,
	cmt,
	valid)
VALUES
	(261,
	81,
	'LOW_SEASON',
	'WEEK',
	'2014-06-02 13:42:44.226784',
	'alain',
	100,
	200,
	null,
	't');

INSERT
	INTO tarifs(pk,
	heb_pk,
	"type",
	subtype,
	"date",
	"user",
	min,
	max,
	cmt,
	valid)
VALUES
	(262,
	81,
	'HIGH_SEASON',
	'WEEK',
	'2014-05-02 13:42:44.226784',
	'alain',
	100,
	200,
	null,
	't');

INSERT
	INTO tarifs(pk,
	heb_pk,
	"type",
	subtype,
	"date",
	"user",
	min,
	max,
	cmt,
	valid)
VALUES
	(263,
	81,
	'LOW_SEASON',
	'WEEKEND',
	'2014-06-02 13:42:44.226784',
	'alain',
	100,
	200,
	null,
	'f');

INSERT
	INTO proprio(pro_pk,
	pro_nom1,
	pro_nom2,
	pro_prenom1,
	pro_prenom2,
	pro_societe,
	pro_adresse,
	pro_email,
	pro_tel_priv,
	pro_tel_bur,
	pro_fax_priv,
	pro_fax_bur,
	pro_gsm1,
	pro_gsm2,
	pro_tva,
	pro_comment,
	pro_desact_comment,
	pro_desact_justif,
	pro_date_in,
	pro_date_out,
	pro_motif_out,
	pro_justif_out,
	pro_langue,
	pro_log,
	pro_pass,
	pro_com_fk,
	pro_civ_fk,
	pro_etat,
	pro_maj_info_etat,
	pro_employe_creation,
	pro_employe_modification,
	pro_date_modification,
	pro_date_creation,
	pro_reactivation_hash)
VALUES
	(60,
	'FIVET',
	'GERARD',
	'Louis',
	'et Michèle',
	'',
	'Chansin, 10',
	'laturbine@hotmail.com',
	'083 69 01 67',
	'',
	'083 69 01 67',
	'',
	'0477 904 980',
	'',
	'BE 402 545 743',
	' ',
	' ',
	'',
	'19/05/1993',
	'',
	'rp',
	'',
	'FR - NL - EN - D',
	'loufiv',
	'NcCT',
	714,
	1,
	't',
	'Confirmé',
	null,
	'mick',
	'2012-05-23 17:12:45.123829',
	null,
	'EUHCLEcge0BZkRy7dGLBAk1cNlGoXvtR');
INSERT INTO metadata_type(met_typ_id, met_typ_titre, met_typ_sort_ord) VALUES ('informations', 'Informations', 1);
INSERT INTO metadata_type(met_typ_id, met_typ_titre, met_typ_sort_ord) VALUES ('autorisations', 'Autorisations', 2);
INSERT INTO metadata_type(met_typ_id, met_typ_titre, met_typ_sort_ord) VALUES ('confort', 'Confort', 3);
INSERT INTO metadata_type(met_typ_id, met_typ_titre, met_typ_sort_ord) VALUES ('activites', 'Activités', 4);
INSERT INTO metadata_type(met_typ_id, met_typ_titre, met_typ_sort_ord) VALUES ('gitesplus', 'Gîtes Plus', 5);
INSERT INTO metadata_type(met_typ_id, met_typ_titre, met_typ_sort_ord) VALUES ('themes', 'Thèmes', 6);
INSERT INTO metadata_type(met_typ_id, met_typ_titre, met_typ_sort_ord) VALUES ('tablehote', 'Type de table dhôte', 7);
INSERT INTO metadata_type(met_typ_id, met_typ_titre, met_typ_sort_ord) VALUES ('autres', 'Autres', 8);
INSERT INTO metadata(met_pk, met_id, met_titre_fr, met_titre_en, met_titre_nl, met_titre_it, met_titre_de, met_filterable, metadata_type_id, met_editable) VALUES (47, 'bienvenue-va-c-lo', 'Bienvenue Vélo', 'Bikes Welcome', 'Fiets Welkom', 'Benvenuta Bicicletta', 'Radfahrer willkommen', 't', 'autres', 'f');
INSERT INTO metadata(met_pk, met_id, met_titre_fr, met_titre_en, met_titre_nl, met_titre_it, met_titre_de, met_filterable, metadata_type_id, met_editable) VALUES (46, 'citytrip', 'City-Trip', 'City trip', 'Citytrip', 'City-trip', 'City-Trip', 't', 'autres', 'f');
INSERT INTO metadata(met_pk, met_id, met_titre_fr, met_titre_en, met_titre_nl, met_titre_it, met_titre_de, met_filterable, metadata_type_id, met_editable) VALUES (51, 'liage', 'City-Trip à Liège', 'City trip to Liège', 'Citytrip in Luik', 'City-Trip a Liegi', 'City-Trip nach Liège', 't', 'autres', 'f');
INSERT INTO metadata(met_pk, met_id, met_titre_fr, met_titre_en, met_titre_nl, met_titre_it, met_titre_de, met_filterable, metadata_type_id, met_editable) VALUES (52, 'mons', 'City-Trip à Mons', 'City trip to Mons', 'Citytrip in Bergen', 'City-Trip a Mons', 'City-Trip nach Mons', 't', 'autres', 'f');
INSERT INTO metadata(met_pk, met_id, met_titre_fr, met_titre_en, met_titre_nl, met_titre_it, met_titre_de, met_filterable, metadata_type_id, met_editable) VALUES (50, 'namur', 'City-Trip à Namur', 'City trip to Namur', 'Citytrip in Namen', 'City-Trip a Namur', 'City-Trip nach Namur', 't', 'autres', 'f');
INSERT INTO metadata(met_pk, met_id, met_titre_fr, met_titre_en, met_titre_nl, met_titre_it, met_titre_de, met_filterable, metadata_type_id, met_editable) VALUES (45, 'insolite', 'Insolite', 'Unusual', 'Ongewoon', 'Insolito', 'Ungewöhnlich', 't', 'autres', 'f');
INSERT INTO metadata(met_pk, met_id, met_titre_fr, met_titre_en, met_titre_nl, met_titre_it, met_titre_de, met_filterable, metadata_type_id, met_editable) VALUES (49, 'marmiton-et-polochon', 'Marmiton et Polochon', 'Marmiton et Polochon', 'Marmiton et Polochon', 'Marmiton et Polochon', 'Marmiton et Polochon', 't', 'autres', 'f');
INSERT INTO metadata(met_pk, met_id, met_titre_fr, met_titre_en, met_titre_nl, met_titre_it, met_titre_de, met_filterable, metadata_type_id, met_editable) VALUES (48, 'sa-c-jour-a-bois-ouverts', 'Séjour à Bois Ouverts', 'Open Woods Stay', 'Open-Bosverblijven', 'Soggiorni Tra i Boschi', 'Aufenthalte „Ab in den Wald“', 't', 'autres', 'f');
INSERT INTO metadata(met_pk, met_id, met_titre_fr, met_titre_en, met_titre_nl, met_titre_it, met_titre_de, met_filterable, metadata_type_id, met_editable) VALUES (55, 'sa-c-jours-ma-c-moire-et-sa-c-pultures', 'Séjours Mémoire et Sépultures', 'Séjours Mémoire et Sépultures', 'Verblijven Herdenking en Be', 'Séjours Mémoire et Sépultures', 'Séjours Mémoire et Sépultures', 't', 'autres', 'f');
INSERT INTO metadata(met_pk, met_id, met_titre_fr, met_titre_en, met_titre_nl, met_titre_it, met_titre_de, met_filterable, metadata_type_id, met_editable) VALUES (53, 'heb_confort_hammam', 'Hammam', 'Hammam', 'Hamam', 'Hammam', 'Hamam', 't', 'confort', 't');
INSERT INTO metadata(met_pk, met_id, met_titre_fr, met_titre_en, met_titre_nl, met_titre_it, met_titre_de, met_filterable, metadata_type_id, met_editable) VALUES (18, 'heb_confort_seche_linge', 'Sèche-linge', 'Dryer', 'Droogkast', 'Asciugabiancheria', 'Wäschetrockner', 't', 'confort', 't');
INSERT INTO metadata(met_pk, met_id, met_titre_fr, met_titre_en, met_titre_nl, met_titre_it, met_titre_de, met_filterable, metadata_type_id, met_editable) VALUES (13, 'heb_confort_tv', 'Télévision', 'Television', 'Televisie', 'Televisione', 'Fernseher', 't', 'confort', 't');
INSERT INTO metadata(met_pk, met_id, met_titre_fr, met_titre_en, met_titre_nl, met_titre_it, met_titre_de, met_filterable, metadata_type_id, met_editable) VALUES (20, 'heb_confort_terrasse', 'Terrasse', 'Terrace', 'Terras', 'Terrazza', 'Terrasse', 'f', 'confort', 't');
INSERT INTO metadata(met_pk, met_id, met_titre_fr, met_titre_en, met_titre_nl, met_titre_it, met_titre_de, met_filterable, metadata_type_id, met_editable) VALUES (29, 'heb_gid_eco_gite', 'Eco-Gîte', 'Eco-Gîte Stay', 'Eco-Gîte', 'Eco-Gîte', 'Öko-Unterkunft', 't', 'gitesplus', 'f');
INSERT INTO metadata(met_pk, met_id, met_titre_fr, met_titre_en, met_titre_nl, met_titre_it, met_titre_de, met_filterable, metadata_type_id, met_editable) VALUES (26, 'heb_gid_access_tous', 'Gîte accessible à tous', 'Gite accessible to all', 'Gîte toegankelijk voor elk van ons', 'Alloggio Accessibile a Tutti', 'Ferienhaus Zugänglich für alle', 't', 'gitesplus', 'f');
INSERT INTO metadata(met_pk, met_id, met_titre_fr, met_titre_en, met_titre_nl, met_titre_it, met_titre_de, met_filterable, metadata_type_id, met_editable) VALUES (27, 'heb_gid_antiallergique', 'Gîte antiallergique', 'Anti-allergic Gite', 'Antiallergische gîte', 'Alloggio Antiallergico', 'Ferienhaus Allergiefrei', 't', 'gitesplus', 'f');
INSERT INTO metadata(met_pk, met_id, met_titre_fr, met_titre_en, met_titre_nl, met_titre_it, met_titre_de, met_filterable, metadata_type_id, met_editable) VALUES (28, 'heb_gid_beau_jardin', 'Gîte au jardin', 'Garden Gite', 'Tuin-gîte', 'Alloggio in Giardino', 'Ferienhaus im Garten', 't', 'gitesplus', 'f');
INSERT INTO metadata(met_pk, met_id, met_titre_fr, met_titre_en, met_titre_nl, met_titre_it, met_titre_de, met_filterable, metadata_type_id, met_editable) VALUES (25, 'heb_gid_bebe_tendresse', 'Gîte Bébé Tendresse', 'Cuddly Baby Gite', 'Gîte Baby-lief', 'Alloggio Dolce Bebè', 'Ferienhaus Fürs Baby', 't', 'gitesplus', 'f');
INSERT INTO metadata(met_pk, met_id, met_titre_fr, met_titre_en, met_titre_nl, met_titre_it, met_titre_de, met_filterable, metadata_type_id, met_editable) VALUES (24, 'heb_seminaire_vert', 'Séminaire', 'Seminar', 'Seminarie', 'Seminario', 'Seminar', 't', 'gitesplus', 'f');
INSERT INTO metadata(met_pk, met_id, met_titre_fr, met_titre_en, met_titre_nl, met_titre_it, met_titre_de, met_filterable, metadata_type_id, met_editable) VALUES (36, 'heb_commerce', 'Commerce', 'Shops', 'Handelszaak', 'Negozio', 'Geschäft', 'f', 'informations', 'f');
INSERT INTO metadata(met_pk, met_id, met_titre_fr, met_titre_en, met_titre_nl, met_titre_it, met_titre_de, met_filterable, metadata_type_id, met_editable) VALUES (38, 'heb_gare', 'Gare', 'Station', 'Station', 'Stazione', 'Bahnhof', 'f', 'informations', 'f');
INSERT INTO metadata(met_pk, met_id, met_titre_fr, met_titre_en, met_titre_nl, met_titre_it, met_titre_de, met_filterable, metadata_type_id, met_editable) VALUES (42, 'heb_tabhot_gourmand', 'Assiette gourmande', 'Gourmet platter', 'Fijnproeversbord', 'Piatto di golosità', 'Schlemmerteller', 't', 'tablehote', 't');
INSERT INTO metadata(met_pk, met_id, met_titre_fr, met_titre_en, met_titre_nl, met_titre_it, met_titre_de, met_filterable, metadata_type_id, met_editable) VALUES (44, 'heb_tabhot_gastronomique', 'Menu gastronomique', 'Family meal', 'Gezinsmaaltijd', 'Pasto familiare ', 'Familienessen', 't', 'tablehote', 't');
INSERT INTO metadata(met_pk, met_id, met_titre_fr, met_titre_en, met_titre_nl, met_titre_it, met_titre_de, met_filterable, metadata_type_id, met_editable) VALUES (43, 'heb_tabhot_repas_familial', 'Repas familial', 'Gastronomic dinner', 'Gastronomisch diner', 'Pranzo gastronomico', 'Gastronomische Diner', 't', 'tablehote', 't');
INSERT INTO metadata(met_pk, met_id, met_titre_fr, met_titre_en, met_titre_nl, met_titre_it, met_titre_de, met_filterable, metadata_type_id, met_editable) VALUES (30, 'heb_gid_activite_nature', 'Gîte Activités Découverte Nature', 'Gite of Nature Discovery Activities', 'Gîte Natuurontdekkingsactiviteiten', 'Alloggio Attività Scoperta della Natura', 'Ferienhaus Aktiv Natur entdecken', 't', 'themes', 'f');
INSERT INTO metadata(met_pk, met_id, met_titre_fr, met_titre_en, met_titre_nl, met_titre_it, met_titre_de, met_filterable, metadata_type_id, met_editable) VALUES (32, 'heb_gid_theme_equestre', 'Gîte équestre', 'Equestrian Gite', 'Gîte Paardrijden', 'Alloggio Equitazione', 'Ferienhaus Reiten', 't', 'themes', 'f');
INSERT INTO metadata(met_pk, met_id, met_titre_fr, met_titre_en, met_titre_nl, met_titre_it, met_titre_de, met_filterable, metadata_type_id, met_editable) VALUES (31, 'heb_gid_panda', 'Gîte Panda', 'Panda Gite', 'Gîte Panda', 'Alloggio Panda', 'Ferienhaus Panda', 't', 'themes', 'f');
INSERT INTO metadata(met_pk, met_id, met_titre_fr, met_titre_en, met_titre_nl, met_titre_it, met_titre_de, met_filterable, metadata_type_id, met_editable) VALUES (7, 'heb_equitation', 'Equitation', 'Horse riding', 'Paardrijden', 'Equitazione', 'Reitsport', 't', 'activites', 't');
INSERT INTO metadata(met_pk, met_id, met_titre_fr, met_titre_en, met_titre_nl, met_titre_it, met_titre_de, met_filterable, metadata_type_id, met_editable) VALUES (6, 'heb_peche', 'Pêche', 'Fishing', 'Hengelen', 'Pesca', 'Angeln', 't', 'activites', 't');
INSERT INTO metadata(met_pk, met_id, met_titre_fr, met_titre_en, met_titre_nl, met_titre_it, met_titre_de, met_filterable, metadata_type_id, met_editable) VALUES (4, 'heb_rando', 'Randonnée', 'Walk', 'Tocht', 'Gita', 'Wandern', 't', 'activites', 't');
INSERT INTO metadata(met_pk, met_id, met_titre_fr, met_titre_en, met_titre_nl, met_titre_it, met_titre_de, met_filterable, metadata_type_id, met_editable) VALUES (10, 'heb_ravel', 'Ravel', 'Ravel', 'Ravel', 'Ravel', 'Ravel', 't', 'activites', 't');
INSERT INTO metadata(met_pk, met_id, met_titre_fr, met_titre_en, met_titre_nl, met_titre_it, met_titre_de, met_filterable, metadata_type_id, met_editable) VALUES (3, 'heb_sky', 'Ski', 'Ski', 'Ski', 'Sci', 'Ski', 't', 'activites', 't');
INSERT INTO metadata(met_pk, met_id, met_titre_fr, met_titre_en, met_titre_nl, met_titre_it, met_titre_de, met_filterable, metadata_type_id, met_editable) VALUES (2, 'heb_nautisme', 'Sports nautiques', 'Water sports', 'Watersporten', 'Sport nautici', 'Wassersport', 't', 'activites', 't');
INSERT INTO metadata(met_pk, met_id, met_titre_fr, met_titre_en, met_titre_nl, met_titre_it, met_titre_de, met_filterable, metadata_type_id, met_editable) VALUES (1, 'heb_tenis', 'Tennis', 'Tennis', 'Tennis', 'Tennis', 'Tennis', 't', 'activites', 't');
INSERT INTO metadata(met_pk, met_id, met_titre_fr, met_titre_en, met_titre_nl, met_titre_it, met_titre_de, met_filterable, metadata_type_id, met_editable) VALUES (8, 'heb_velo', 'Vélo', 'Bicycle', 'Fiets', 'Bicicletta', 'Fahrrad', 't', 'activites', 't');
INSERT INTO metadata(met_pk, met_id, met_titre_fr, met_titre_en, met_titre_nl, met_titre_it, met_titre_de, met_filterable, metadata_type_id, met_editable) VALUES (37, 'heb_restaurant', 'Restaurant', 'Restaurant', 'Restaurant', 'Ristorante', 'Restaurant', 'f', 'informations', 'f');
INSERT INTO metadata(met_pk, met_id, met_titre_fr, met_titre_en, met_titre_nl, met_titre_it, met_titre_de, met_filterable, metadata_type_id, met_editable) VALUES (9, 'heb_vtt', 'VTT', 'MTB', 'Mountainbike', 'Moutain bike', 'Moutainbike', 't', 'activites', 't');
INSERT INTO metadata(met_pk, met_id, met_titre_fr, met_titre_en, met_titre_nl, met_titre_it, met_titre_de, met_filterable, metadata_type_id, met_editable) VALUES (11, 'heb_animal', 'Animaux de compagnie autorisés', 'Pets allowed', 'Gezelschapsdieren toegelaten', 'Animali di compagnia autorizzati', 'Haustiere zugelassen', 't', 'autorisations', 't');
INSERT INTO metadata(met_pk, met_id, met_titre_fr, met_titre_en, met_titre_nl, met_titre_it, met_titre_de, met_filterable, metadata_type_id, met_editable) VALUES (12, 'heb_fumeur', 'Hébergement fumeur', 'Smoking accommodation', 'Rokers-logeeradres', 'Abitazione fumatori', 'Unterkunft für Raucher', 't', 'autorisations', 't');
INSERT INTO metadata(met_pk, met_id, met_titre_fr, met_titre_en, met_titre_nl, met_titre_it, met_titre_de, met_filterable, metadata_type_id, met_editable) VALUES (58, 'bataille-de-waterloo', 'Bataille de Waterloo', 'Battle of Waterloo', 'Slag bij Waterloo', 'Battaglia di Waterloo', 'Schlacht bei Waterloo', 't', 'autres', 'f');
INSERT INTO metadata(met_pk, met_id, met_titre_fr, met_titre_en, met_titre_nl, met_titre_it, met_titre_de, met_filterable, metadata_type_id, met_editable) VALUES (54, 'tournai', 'City-Trip à Tournai', 'City trip to Tournai', 'Citytrip in Doornik', 'City-Trip a Tournai', 'City-Trip nach Tournai', 't', 'autres', 'f');
INSERT INTO metadata(met_pk, met_id, met_titre_fr, met_titre_en, met_titre_nl, met_titre_it, met_titre_de, met_filterable, metadata_type_id, met_editable) VALUES (57, 'guerre-14-18', 'Guerre 14-18', 'World War I', 'Oorlog 14-18', 'Guerra 14-18', 'Erster Weltkrieg', 't', 'autres', 'f');
INSERT INTO metadata(met_pk, met_id, met_titre_fr, met_titre_en, met_titre_nl, met_titre_it, met_titre_de, met_filterable, metadata_type_id, met_editable) VALUES (56, 'bataille-des-ardennes', 'Guerre 40-45', 'World War II', 'Oorlog 40-45', 'Guerra 40-45', 'Zweiter Weltkrieg', 't', 'autres', 'f');
INSERT INTO metadata(met_pk, met_id, met_titre_fr, met_titre_en, met_titre_nl, met_titre_it, met_titre_de, met_filterable, metadata_type_id, met_editable) VALUES (59, 'la-grande-randourthe', 'La Grande Rand''Ourthe', 'La Grande Rand''Ourthe', 'De Grande Rand''Ourthe', 'La Grande Rand''Ourthe', 'La Grande Rand''Ourthe', 't', 'autres', 'f');
INSERT INTO metadata(met_pk, met_id, met_titre_fr, met_titre_en, met_titre_nl, met_titre_it, met_titre_de, met_filterable, metadata_type_id, met_editable) VALUES (35, 'heb_confort_congelateur', 'Congélateur', 'Freezer', 'Diepvries', 'Congelatore', 'Gefrierschrank', 't', 'confort', 't');
INSERT INTO metadata(met_pk, met_id, met_titre_fr, met_titre_en, met_titre_nl, met_titre_it, met_titre_de, met_filterable, metadata_type_id, met_editable) VALUES (41, 'heb_confort_ecran', 'Ecran', 'Screen', 'Scherm', 'Schermo', 'Bildschirm', 'f', 'confort', 't');
INSERT INTO metadata(met_pk, met_id, met_titre_fr, met_titre_en, met_titre_nl, met_titre_it, met_titre_de, met_filterable, metadata_type_id, met_editable) VALUES (14, 'heb_confort_feu_ouvert', 'Feu ouvert', 'Open fire', 'Open haard', 'Caminetto', 'Offener Kamin', 't', 'confort', 't');
INSERT INTO metadata(met_pk, met_id, met_titre_fr, met_titre_en, met_titre_nl, met_titre_it, met_titre_de, met_filterable, metadata_type_id, met_editable) VALUES (40, 'heb_confort_flipchart', 'Flipchart', 'Flipchart', 'Flipchart', 'Flipchart', 'Flipchart', 'f', 'confort', 't');
INSERT INTO metadata(met_pk, met_id, met_titre_fr, met_titre_en, met_titre_nl, met_titre_it, met_titre_de, met_filterable, metadata_type_id, met_editable) VALUES (19, 'heb_confort_internet', 'Internet', 'Internet', 'Internet', 'Internet', 'Internet', 't', 'confort', 't');
INSERT INTO metadata(met_pk, met_id, met_titre_fr, met_titre_en, met_titre_nl, met_titre_it, met_titre_de, met_filterable, metadata_type_id, met_editable) VALUES (23, 'heb_confort_jacuzzi', 'Jacuzzi', 'Jacuzzi', 'Jacuzzi', 'Jacuzzi', 'Jacuzzi', 't', 'confort', 't');
INSERT INTO metadata(met_pk, met_id, met_titre_fr, met_titre_en, met_titre_nl, met_titre_it, met_titre_de, met_filterable, metadata_type_id, met_editable) VALUES (21, 'heb_confort_jardin', 'Jardin', 'Garden', 'Tuin', 'Giardino', 'Garten', 'f', 'confort', 't');
INSERT INTO metadata(met_pk, met_id, met_titre_fr, met_titre_en, met_titre_nl, met_titre_it, met_titre_de, met_filterable, metadata_type_id, met_editable) VALUES (17, 'heb_confort_lave_linge', 'Lave-linge', 'Washing machine', 'Wasmachine', 'Lavatrice', 'Waschmaschine', 't', 'confort', 't');
INSERT INTO metadata(met_pk, met_id, met_titre_fr, met_titre_en, met_titre_nl, met_titre_it, met_titre_de, met_filterable, metadata_type_id, met_editable) VALUES (15, 'heb_confort_lave_vaiselle', 'Lave-vaisselle', 'Dishwasher', 'Vaatwas', 'Lavastoviglie', 'Geschirrspüler', 't', 'confort', 't');
INSERT INTO metadata(met_pk, met_id, met_titre_fr, met_titre_en, met_titre_nl, met_titre_it, met_titre_de, met_filterable, metadata_type_id, met_editable) VALUES (16, 'heb_confort_micro_onde', 'Micro-onde', 'Microwave', 'Microgolf', 'Microonde', 'Mikrowelle', 't', 'confort', 't');
INSERT INTO metadata(met_pk, met_id, met_titre_fr, met_titre_en, met_titre_nl, met_titre_it, met_titre_de, met_filterable, metadata_type_id, met_editable) VALUES (5, 'heb_piscine', 'Piscine extérieure', 'Outdoor pool', 'Buitenzwembad', 'Piscina esterna', 'Außenschwimmbad', 't', 'confort', 't');
INSERT INTO metadata(met_pk, met_id, met_titre_fr, met_titre_en, met_titre_nl, met_titre_it, met_titre_de, met_filterable, metadata_type_id, met_editable) VALUES (60, 'heb_confort_piscine_couverte', 'Piscine intérieure', 'Indoor pool', 'Binnenzwembad', 'Piscina interna', 'Innenschwimmbad', 't', 'confort', 't');
INSERT INTO metadata(met_pk, met_id, met_titre_fr, met_titre_en, met_titre_nl, met_titre_it, met_titre_de, met_filterable, metadata_type_id, met_editable) VALUES (39, 'heb_confort_projecteur', 'Projecteur', 'Projector', 'Projector', 'Proiettore', 'Projektor', 't', 'confort', 't');
INSERT INTO metadata(met_pk, met_id, met_titre_fr, met_titre_en, met_titre_nl, met_titre_it, met_titre_de, met_filterable, metadata_type_id, met_editable) VALUES (22, 'heb_confort_sauna', 'Sauna', 'Sauna', 'Sauna', 'Sauna', 'Sauna', 't', 'confort', 't');
INSERT INTO metadata(met_pk, met_id, met_titre_fr, met_titre_en, met_titre_nl, met_titre_it, met_titre_de, met_filterable, metadata_type_id, met_editable) VALUES (34, 'heb_gid_patrimoine', 'Gîte Patrimoine', 'Heritage Gite', 'Gîte Erfgoed', 'Alloggio Patrimonio Storico', 'Ferienhaus Kulturerbe', 't', 'themes', 'f');
INSERT INTO metadata(met_pk, met_id, met_titre_fr, met_titre_en, met_titre_nl, met_titre_it, met_titre_de, met_filterable, metadata_type_id, met_editable) VALUES (62, 'sa-c-jour-bien-etre', 'Séjour Bien-Etre', 'Séjour Bien-Etre', 'Séjour Bien-Etre', 'Séjour Bien-Etre', 'Séjour Bien-Etre', 't', 'autres', 't');
INSERT INTO metadata(met_pk, met_id, met_titre_fr, met_titre_en, met_titre_nl, met_titre_it, met_titre_de, met_filterable, metadata_type_id, met_editable) VALUES (61, 'heb_confort_soin_relaxation', 'Soins et relaxation', 'Soins et relaxation', 'Soins et relaxation', 'Soins et relaxation', 'Soins et relaxation', 't', 'activites', 't');
INSERT INTO metadata(met_pk, met_id, met_titre_fr, met_titre_en, met_titre_nl, met_titre_it, met_titre_de, met_filterable, metadata_type_id, met_editable) VALUES (63, 'wellness-pauschale', 'Wallonie Destination Qualité', 'Wallonie Destination Qualité', 'Wallonie Destination Qualité', 'Wallonie Destination Qualité', 'Wallonie Destination Qualité', 't', 'autres', 'f');
INSERT INTO metadata(met_pk, met_id, met_titre_fr, met_titre_en, met_titre_nl, met_titre_it, met_titre_de, met_filterable, metadata_type_id, met_editable) VALUES (33, 'heb_gid_peche', 'Gîte Pêche', 'Fishing Gite', 'Gîte Hengelen', 'Alloggio Pesca', 'Ferienhaus Angeln', 't', 'themes', 'f');
INSERT INTO link_hebergement_metadata(link_met_pk, heb_fk, metadata_fk, link_met_value) VALUES (30679, 1168, 11, 'f');
INSERT INTO link_hebergement_metadata(link_met_pk, heb_fk, metadata_fk, link_met_value) VALUES (30680, 1168, 12, 'f');
INSERT INTO link_hebergement_metadata(link_met_pk, heb_fk, metadata_fk, link_met_value) VALUES (30681, 1168, 13, 't');
INSERT INTO link_hebergement_metadata(link_met_pk, heb_fk, metadata_fk, link_met_value) VALUES (30682, 1168, 14, 'f');
INSERT INTO link_hebergement_metadata(link_met_pk, heb_fk, metadata_fk, link_met_value) VALUES (30683, 1168, 15, 't');
INSERT INTO link_hebergement_metadata(link_met_pk, heb_fk, metadata_fk, link_met_value) VALUES (30684, 1168, 16, 't');
INSERT INTO link_hebergement_metadata(link_met_pk, heb_fk, metadata_fk, link_met_value) VALUES (30685, 1168, 17, 'f');
INSERT INTO link_hebergement_metadata(link_met_pk, heb_fk, metadata_fk, link_met_value) VALUES (30686, 1168, 18, 'f');
INSERT INTO link_hebergement_metadata(link_met_pk, heb_fk, metadata_fk, link_met_value) VALUES (30687, 1168, 19, 't');
INSERT INTO link_hebergement_metadata(link_met_pk, heb_fk, metadata_fk, link_met_value) VALUES (30688, 1168, 20, 'f');
INSERT INTO link_hebergement_metadata(link_met_pk, heb_fk, metadata_fk, link_met_value) VALUES (30689, 1168, 21, 'f');
INSERT INTO link_hebergement_metadata(link_met_pk, heb_fk, metadata_fk, link_met_value) VALUES (30690, 1168, 22, 'f');
INSERT INTO link_hebergement_metadata(link_met_pk, heb_fk, metadata_fk, link_met_value) VALUES (30691, 1168, 23, 'f');
INSERT INTO link_hebergement_metadata(link_met_pk, heb_fk, metadata_fk, link_met_value) VALUES (30692, 1168, 24, 'f');
INSERT INTO link_hebergement_metadata(link_met_pk, heb_fk, metadata_fk, link_met_value) VALUES (30693, 1168, 25, 'f');
INSERT INTO link_hebergement_metadata(link_met_pk, heb_fk, metadata_fk, link_met_value) VALUES (30694, 1168, 26, 'f');
INSERT INTO link_hebergement_metadata(link_met_pk, heb_fk, metadata_fk, link_met_value) VALUES (30695, 1168, 27, 'f');
INSERT INTO link_hebergement_metadata(link_met_pk, heb_fk, metadata_fk, link_met_value) VALUES (30696, 1168, 28, 'f');
INSERT INTO link_hebergement_metadata(link_met_pk, heb_fk, metadata_fk, link_met_value) VALUES (30697, 1168, 29, 'f');
INSERT INTO link_hebergement_metadata(link_met_pk, heb_fk, metadata_fk, link_met_value) VALUES (30698, 1168, 30, 'f');
INSERT INTO link_hebergement_metadata(link_met_pk, heb_fk, metadata_fk, link_met_value) VALUES (30699, 1168, 31, 'f');
INSERT INTO link_hebergement_metadata(link_met_pk, heb_fk, metadata_fk, link_met_value) VALUES (30700, 1168, 32, 'f');
INSERT INTO link_hebergement_metadata(link_met_pk, heb_fk, metadata_fk, link_met_value) VALUES (30701, 1168, 33, 'f');
INSERT INTO link_hebergement_metadata(link_met_pk, heb_fk, metadata_fk, link_met_value) VALUES (30702, 1168, 34, 'f');
INSERT INTO link_hebergement_metadata(link_met_pk, heb_fk, metadata_fk, link_met_value) VALUES (30703, 1168, 35, 't');
INSERT INTO link_hebergement_metadata(link_met_pk, heb_fk, metadata_fk, link_met_value) VALUES (30704, 1168, 36, 't');
INSERT INTO link_hebergement_metadata(link_met_pk, heb_fk, metadata_fk, link_met_value) VALUES (30705, 1168, 37, 't');
INSERT INTO link_hebergement_metadata(link_met_pk, heb_fk, metadata_fk, link_met_value) VALUES (30706, 1168, 38, 't');
INSERT INTO link_hebergement_metadata(link_met_pk, heb_fk, metadata_fk, link_met_value) VALUES (30707, 1168, 39, 'f');
INSERT INTO link_hebergement_metadata(link_met_pk, heb_fk, metadata_fk, link_met_value) VALUES (30708, 1168, 40, 'f');
INSERT INTO link_hebergement_metadata(link_met_pk, heb_fk, metadata_fk, link_met_value) VALUES (30709, 1168, 41, 'f');
INSERT INTO link_hebergement_metadata(link_met_pk, heb_fk, metadata_fk, link_met_value) VALUES (30710, 1168, 42, 'f');
INSERT INTO link_hebergement_metadata(link_met_pk, heb_fk, metadata_fk, link_met_value) VALUES (30711, 1168, 43, 'f');
INSERT INTO link_hebergement_metadata(link_met_pk, heb_fk, metadata_fk, link_met_value) VALUES (30712, 1168, 44, 'f');
INSERT INTO link_hebergement_metadata(link_met_pk, heb_fk, metadata_fk, link_met_value) VALUES (30669, 1168, 1, 'f');
INSERT INTO link_hebergement_metadata(link_met_pk, heb_fk, metadata_fk, link_met_value) VALUES (30670, 1168, 2, 'f');
INSERT INTO link_hebergement_metadata(link_met_pk, heb_fk, metadata_fk, link_met_value) VALUES (30671, 1168, 3, 'f');
INSERT INTO link_hebergement_metadata(link_met_pk, heb_fk, metadata_fk, link_met_value) VALUES (30673, 1168, 5, 'f');
INSERT INTO link_hebergement_metadata(link_met_pk, heb_fk, metadata_fk, link_met_value) VALUES (30674, 1168, 6, 'f');
INSERT INTO link_hebergement_metadata(link_met_pk, heb_fk, metadata_fk, link_met_value) VALUES (30675, 1168, 7, 'f');
INSERT INTO link_hebergement_metadata(link_met_pk, heb_fk, metadata_fk, link_met_value) VALUES (30678, 1168, 10, 'f');
INSERT INTO link_hebergement_metadata(link_met_pk, heb_fk, metadata_fk, link_met_value) VALUES (30676, 1168, 8, 't');
INSERT INTO link_hebergement_metadata(link_met_pk, heb_fk, metadata_fk, link_met_value) VALUES (30677, 1168, 9, 't');
INSERT INTO link_hebergement_metadata(link_met_pk, heb_fk, metadata_fk, link_met_value) VALUES (30672, 1168, 4, 't');
INSERT INTO link_hebergement_metadata(link_met_pk, heb_fk, metadata_fk, link_met_value) VALUES (2079, 81, 11, 'f');
INSERT INTO link_hebergement_metadata(link_met_pk, heb_fk, metadata_fk, link_met_value) VALUES (2080, 81, 12, 'f');
INSERT INTO link_hebergement_metadata(link_met_pk, heb_fk, metadata_fk, link_met_value) VALUES (2081, 81, 13, 't');
INSERT INTO link_hebergement_metadata(link_met_pk, heb_fk, metadata_fk, link_met_value) VALUES (2082, 81, 14, 't');
INSERT INTO link_hebergement_metadata(link_met_pk, heb_fk, metadata_fk, link_met_value) VALUES (2083, 81, 15, 't');
INSERT INTO link_hebergement_metadata(link_met_pk, heb_fk, metadata_fk, link_met_value) VALUES (2084, 81, 16, 't');
INSERT INTO link_hebergement_metadata(link_met_pk, heb_fk, metadata_fk, link_met_value) VALUES (2085, 81, 17, 't');
INSERT INTO link_hebergement_metadata(link_met_pk, heb_fk, metadata_fk, link_met_value) VALUES (2086, 81, 18, 't');
INSERT INTO link_hebergement_metadata(link_met_pk, heb_fk, metadata_fk, link_met_value) VALUES (2087, 81, 19, 't');
INSERT INTO link_hebergement_metadata(link_met_pk, heb_fk, metadata_fk, link_met_value) VALUES (2088, 81, 20, 'f');
INSERT INTO link_hebergement_metadata(link_met_pk, heb_fk, metadata_fk, link_met_value) VALUES (2089, 81, 21, 'f');
INSERT INTO link_hebergement_metadata(link_met_pk, heb_fk, metadata_fk, link_met_value) VALUES (2090, 81, 22, 'f');
INSERT INTO link_hebergement_metadata(link_met_pk, heb_fk, metadata_fk, link_met_value) VALUES (2091, 81, 23, 'f');
INSERT INTO link_hebergement_metadata(link_met_pk, heb_fk, metadata_fk, link_met_value) VALUES (2092, 81, 24, 'f');
INSERT INTO link_hebergement_metadata(link_met_pk, heb_fk, metadata_fk, link_met_value) VALUES (2093, 81, 25, 'f');
INSERT INTO link_hebergement_metadata(link_met_pk, heb_fk, metadata_fk, link_met_value) VALUES (2094, 81, 26, 'f');
INSERT INTO link_hebergement_metadata(link_met_pk, heb_fk, metadata_fk, link_met_value) VALUES (2095, 81, 27, 'f');
INSERT INTO link_hebergement_metadata(link_met_pk, heb_fk, metadata_fk, link_met_value) VALUES (2096, 81, 28, 'f');
INSERT INTO link_hebergement_metadata(link_met_pk, heb_fk, metadata_fk, link_met_value) VALUES (2097, 81, 29, 'f');
INSERT INTO link_hebergement_metadata(link_met_pk, heb_fk, metadata_fk, link_met_value) VALUES (2098, 81, 30, 'f');
INSERT INTO link_hebergement_metadata(link_met_pk, heb_fk, metadata_fk, link_met_value) VALUES (2099, 81, 31, 'f');
INSERT INTO link_hebergement_metadata(link_met_pk, heb_fk, metadata_fk, link_met_value) VALUES (2100, 81, 32, 'f');
INSERT INTO link_hebergement_metadata(link_met_pk, heb_fk, metadata_fk, link_met_value) VALUES (2101, 81, 33, 't');
INSERT INTO link_hebergement_metadata(link_met_pk, heb_fk, metadata_fk, link_met_value) VALUES (2102, 81, 34, 'f');
INSERT INTO link_hebergement_metadata(link_met_pk, heb_fk, metadata_fk, link_met_value) VALUES (2103, 81, 35, 't');
INSERT INTO link_hebergement_metadata(link_met_pk, heb_fk, metadata_fk, link_met_value) VALUES (2104, 81, 36, 't');
INSERT INTO link_hebergement_metadata(link_met_pk, heb_fk, metadata_fk, link_met_value) VALUES (2105, 81, 37, 't');
INSERT INTO link_hebergement_metadata(link_met_pk, heb_fk, metadata_fk, link_met_value) VALUES (2106, 81, 38, 't');
INSERT INTO link_hebergement_metadata(link_met_pk, heb_fk, metadata_fk, link_met_value) VALUES (2107, 81, 39, 'f');
INSERT INTO link_hebergement_metadata(link_met_pk, heb_fk, metadata_fk, link_met_value) VALUES (2108, 81, 40, 'f');
INSERT INTO link_hebergement_metadata(link_met_pk, heb_fk, metadata_fk, link_met_value) VALUES (2109, 81, 41, 'f');
INSERT INTO link_hebergement_metadata(link_met_pk, heb_fk, metadata_fk, link_met_value) VALUES (2110, 81, 42, 'f');
INSERT INTO link_hebergement_metadata(link_met_pk, heb_fk, metadata_fk, link_met_value) VALUES (2111, 81, 43, 'f');
INSERT INTO link_hebergement_metadata(link_met_pk, heb_fk, metadata_fk, link_met_value) VALUES (2112, 81, 44, 'f');
INSERT INTO link_hebergement_metadata(link_met_pk, heb_fk, metadata_fk, link_met_value) VALUES (84462, 81, 58, 'f');
INSERT INTO link_hebergement_metadata(link_met_pk, heb_fk, metadata_fk, link_met_value) VALUES (84463, 81, 47, 'f');
INSERT INTO link_hebergement_metadata(link_met_pk, heb_fk, metadata_fk, link_met_value) VALUES (84464, 81, 46, 'f');
INSERT INTO link_hebergement_metadata(link_met_pk, heb_fk, metadata_fk, link_met_value) VALUES (84465, 81, 51, 'f');
INSERT INTO link_hebergement_metadata(link_met_pk, heb_fk, metadata_fk, link_met_value) VALUES (84466, 81, 52, 'f');
INSERT INTO link_hebergement_metadata(link_met_pk, heb_fk, metadata_fk, link_met_value) VALUES (84467, 81, 50, 'f');
INSERT INTO link_hebergement_metadata(link_met_pk, heb_fk, metadata_fk, link_met_value) VALUES (84468, 81, 54, 'f');
INSERT INTO link_hebergement_metadata(link_met_pk, heb_fk, metadata_fk, link_met_value) VALUES (84469, 81, 57, 'f');
INSERT INTO link_hebergement_metadata(link_met_pk, heb_fk, metadata_fk, link_met_value) VALUES (84470, 81, 56, 'f');
INSERT INTO link_hebergement_metadata(link_met_pk, heb_fk, metadata_fk, link_met_value) VALUES (84472, 81, 59, 'f');
INSERT INTO link_hebergement_metadata(link_met_pk, heb_fk, metadata_fk, link_met_value) VALUES (84473, 81, 49, 'f');
INSERT INTO link_hebergement_metadata(link_met_pk, heb_fk, metadata_fk, link_met_value) VALUES (84474, 81, 60, 'f');
INSERT INTO link_hebergement_metadata(link_met_pk, heb_fk, metadata_fk, link_met_value) VALUES (84475, 81, 61, 'f');
INSERT INTO link_hebergement_metadata(link_met_pk, heb_fk, metadata_fk, link_met_value) VALUES (84476, 81, 62, 'f');
INSERT INTO link_hebergement_metadata(link_met_pk, heb_fk, metadata_fk, link_met_value) VALUES (84477, 81, 48, 'f');
INSERT INTO link_hebergement_metadata(link_met_pk, heb_fk, metadata_fk, link_met_value) VALUES (84478, 81, 55, 'f');
INSERT INTO link_hebergement_metadata(link_met_pk, heb_fk, metadata_fk, link_met_value) VALUES (84479, 81, 45, 'f');
INSERT INTO link_hebergement_metadata(link_met_pk, heb_fk, metadata_fk, link_met_value) VALUES (84471, 81, 53, 'f');
INSERT INTO link_hebergement_metadata(link_met_pk, heb_fk, metadata_fk, link_met_value) VALUES (2069, 81, 1, 'f');
INSERT INTO link_hebergement_metadata(link_met_pk, heb_fk, metadata_fk, link_met_value) VALUES (2070, 81, 2, 'f');
INSERT INTO link_hebergement_metadata(link_met_pk, heb_fk, metadata_fk, link_met_value) VALUES (2071, 81, 3, 'f');
INSERT INTO link_hebergement_metadata(link_met_pk, heb_fk, metadata_fk, link_met_value) VALUES (2073, 81, 5, 'f');
INSERT INTO link_hebergement_metadata(link_met_pk, heb_fk, metadata_fk, link_met_value) VALUES (2074, 81, 6, 'f');
INSERT INTO link_hebergement_metadata(link_met_pk, heb_fk, metadata_fk, link_met_value) VALUES (2075, 81, 7, 'f');
INSERT INTO link_hebergement_metadata(link_met_pk, heb_fk, metadata_fk, link_met_value) VALUES (2078, 81, 10, 'f');
INSERT INTO link_hebergement_metadata(link_met_pk, heb_fk, metadata_fk, link_met_value) VALUES (2076, 81, 8, 't');
INSERT INTO link_hebergement_metadata(link_met_pk, heb_fk, metadata_fk, link_met_value) VALUES (2077, 81, 9, 't');
INSERT INTO link_hebergement_metadata(link_met_pk, heb_fk, metadata_fk, link_met_value) VALUES (2072, 81, 4, 't');
